Fiscal year,Total,1) TCJA cuts,2) Mortality risk,3) Growth in top wealth and other effects
2018,-1.6159999999999997,-0.908,0,-0.7079999999999984
2019,-8.258,-7.26,0,-0.9979999999999976
2020,-7.727,-7.923,0,0.19599999999999795
2021,1.357999999999997,-8.159,2.662799363944505,6.8542006360554915
2022,5.801999999999996,-8.575,3.1792758919763977,11.197724108023596
2023,5.7940000000000005,-8.987,1.811540158461672,12.969459841538328
